Festival Name,Dates,Genre,City,Country,Venue,Capacity,Website,Ticket Price (EUR),Accommodation Options,Nearest Airport,Atmosphere,Notes,Ticket Type,Currency,Price Tier 1,Price Tier 2,Price Tier 3
THING Festival,2025-08-02,Rock,Carnation,United States Of America,Remlinger Farms,49375,https://www.ticketmaster.com/thing-festival-carnation-washington-08-02-2025/event/0F00627F1BD94C4A,101.85,Hostels Nearby,Nearby Airstrip,High-Energy Rave,Exclusive festival,Standard,EUR,81.48,101.85,122.22
THING Festival,2025-08-09,Rock,Carnation,United States Of America,Remlinger Farms,32408,https://www.ticketmaster.com/thing-festival-carnation-washington-08-09-2025/event/0F00627F1BDC4C4C,263.62,Camping Zones,Regional Airport,Underground & Intimate,Highly recommended by the community,VIP,EUR,210.9,263.62,316.34
THING Festival,2025-08-16,Rock,Carnation,United States Of America,Remlinger Farms,30331,https://www.ticketmaster.com/thing-festival-carnation-washington-08-16-2025/event/0F00627F1BDE4C50,165.8,Partner Resorts,International Airport,Cultural & Local,Top pick this season,Backstage,EUR,132.64,165.8,198.96
THING Festival,2025-08-23,Rock,Carnation,United States Of America,Remlinger Farms,15861,https://www.ticketmaster.com/thing-festival-carnation-washington-08-23-2025/event/0F00627F1BE04C54,275.46,Eco-Lodges,Nearby Airstrip,Cultural & Local,Exclusive festival,VIP,EUR,220.37,275.46,330.55
Evolution Festival,2025-09-27,Rock,Saint Louis,United States Of America,Forest Park,34801,https://on.fgtix.com/trk/RhbZ,174.94,Partner Resorts,City Airport,Cultural & Local,Top pick this season,VIP,EUR,139.95,174.94,209.93
FairWell Festival,2025-07-18,Undefined,Redmond,United States Of America,Deschutes County Fairgrounds Expo Center,31855,https://on.fgtix.com/trk/35g0,94.4,Hostels Nearby,City Airport,High-Energy Rave,Exclusive festival,VIP,EUR,75.52,94.4,113.28
Watershed Festival,2025-08-01,Undefined,George,United States Of America,Gorge Amphitheatre,12149,https://on.fgtix.com/trk/b9zY,112.34,3★ Hotels,Regional Airport,Cultural & Local,Imported from Ticketmaster API,Early Bird,EUR,89.87,112.34,134.81
Mangata Festival,2025-07-12,Metal,Nottingham,Great Britain,Nottingham Rescue Rooms,30007,https://www.ticketweb.uk/event/mangata-festival-rescue-rooms-tickets/13920603?REFERRAL_ID=tmfeed,194.1,Partner Resorts,Nearby Airstrip,High-Energy Rave,Featured in GrooveNomad,Premium Access,EUR,155.28,194.1,232.92
Ohana Festival,2025-09-26,Undefined,Dana Point,United States Of America,Doheny State Beach,41797,https://on.fgtix.com/trk/ycJM,155.88,Partner Resorts,Nearby Airstrip,Underground & Intimate,Featured in GrooveNomad,Early Bird,EUR,124.7,155.88,187.06
Touchdown Festival,2025-08-23,Undefined,Darlington,Great Britain,Darlington Arena,27114,https://www.ticketmaster.co.uk/touchdown-festival-darlington-23-08-2025/event/370062A6AA5916EC,180.05,Camping Zones,City Airport,Underground & Intimate,Highly recommended by the community,Early Bird,EUR,144.04,180.05,216.06
Cousinz Festival,2025-08-30,Undefined,Norfolk,United States Of America,Scope Arena,36843,https://www.ticketmaster.com/cousinz-festival-norfolk-virginia-08-30-2025/event/01006295BA29354B,199.55,Hostels Nearby,Regional Airport,High-Energy Rave,Highly recommended by the community,Premium Access,EUR,159.64,199.55,239.46
Sea.Hear.Now Festival,2025-09-13,Undefined,Asbury Park,United States Of America,North Beach Asbury Park ,48468,https://on.fgtix.com/trk/kchM,170.59,Partner Resorts,City Airport,Chill & Boho,Exclusive festival,Early Bird,EUR,136.47,170.59,204.71
Emo Festival,2026-02-19,Rock,Brisbane,Australia,The Tivoli,10701,https://www.ticketmaster.com.au/emo-festival-brisbane-19-02-2026/event/130062ADA5153320,252.09,Partner Resorts,Nearby Airstrip,Festive & Energetic,Exclusive festival,Backstage,EUR,201.67,252.09,302.51
Wanderlust Festival,2026-05-23,Rock,Southampton,Great Britain,Southampton 1865,14227,https://www.ticketweb.uk/event/wanderlust-festival-the-1865-tickets/14466413?REFERRAL_ID=tmfeed,163.37,Eco-Lodges,Nearby Airstrip,High-Energy Rave,Featured in GrooveNomad,VIP,EUR,130.7,163.37,196.04
BeachLife Festival,2026-05-01,Undefined,Redondo Beach,United States Of America,Redondo Beach,37833,https://on.fgtix.com/trk/wDIK,276.51,Partner Resorts,Regional Airport,High-Energy Rave,Imported from Ticketmaster API,Standard,EUR,221.21,276.51,331.81
Kaleidoscope Festival,2025-07-12,Undefined,London,Great Britain,Alexandra Palace Park,13866,https://www.universe.com/events/kaleidoscope-festival-tickets-RB1C5F?ref=ticketmaster,126.32,3★ Hotels,City Airport,Underground & Intimate,Top pick this season,VIP,EUR,101.06,126.32,151.58
HillTAP Festival,2025-07-26,Undefined,Ellicottville,United States Of America,Holiday Valley Resort,47522,https://www.universe.com/events/hilltap-festival-tickets-NDW9JB?ref=ticketmaster,149.15,3★ Hotels,International Airport,Cultural & Local,Featured in GrooveNomad,Early Bird,EUR,119.32,149.15,178.98
Uptown Festival,2025-07-27,Undefined,London,Great Britain,Blackheath Common,33933,https://www.universe.com/events/uptown-festival-tickets-M8NS74?ref=ticketmaster,238.97,Hostels Nearby,Regional Airport,Festive & Energetic,Highly recommended by the community,Premium Access,EUR,191.18,238.97,286.76
Seaside Festival,2025-09-06,Dance/Electronic,Rungsted Kyst,Denmark,Seaside Rungsted,32088,https://www.ticketmaster.dk/event/seaside-festival-tickets/45392965?language=en-us,169.13,Camping Zones,City Airport,Cultural & Local,Imported from Ticketmaster API,Standard,EUR,135.3,169.13,202.96
Psicotrópicos Festival,2025-07-12,World,Amsterdam,Netherlands,Melkweg,4192,https://www.ticketmaster.nl/event/psicotropicos-festival-tickets/1914018910?language=en-us,99.2,Hostels Nearby,Nearby Airstrip,Cultural & Local,Exclusive festival,VIP,EUR,79.36,99.2,119.04
FairWell Festival,2025-07-19,Undefined,Redmond,United States Of America,Deschutes County Fairgrounds Expo Center,21148,https://www.ticketmaster.com/event/169271_SatSaturd,299.43,Eco-Lodges,International Airport,Festive & Energetic,Highly recommended by the community,VIP,EUR,239.54,299.43,359.32
Mariachi Festival,2025-08-02,Other,Santa Barbara,United States Of America,Santa Barbara Bowl,13896,https://www.ticketmaster.com/event/Z7r9jZ1A7p3ao,287.65,Partner Resorts,Regional Airport,Underground & Intimate,Exclusive festival,Standard,EUR,230.12,287.65,345.18
Sea.Hear.Now Festival,2025-09-14,Other,Asbury Park,United States Of America,Asbury Festival Area,7469,https://www.ticketmaster.com/event/169653_SunSunday,261.44,Eco-Lodges,Regional Airport,Chill & Boho,Featured in GrooveNomad,VIP,EUR,209.15,261.44,313.73
Alive Festival,2025-07-26,Family,Thisted,Denmark,Unknown,42005,https://www.ticketmaster.dk/event/alive-festival-tickets/478020415?language=en-us,139.78,3★ Hotels,International Airport,Chill & Boho,Exclusive festival,VIP,EUR,111.82,139.78,167.74
Odyssey Festival - Australia's Ultimate Tribute Festival,2025-07-26,Undefined,Maryborough West,Australia,Maryborough Showgrounds and Equestrian Park,2015,https://www.moshtix.com.au/v2/event/odyssey-festival-australia-s-ultimate-tribute-festival/174060,163.12,Camping Zones,International Airport,Chill & Boho,Top pick this season,Standard,EUR,130.5,163.12,195.74
TOTALLY TUBULAR FESTIVAL,2025-07-12,Pop,New York,United States Of America,Manhattan Center Hammerstein Ballroom,6345,https://www.ticketmaster.com/totally-tubular-festival-new-york-new-york-07-12-2025/event/00006236A0751B95,247.21,Partner Resorts,Regional Airport,Chill & Boho,Top pick this season,VIP,EUR,197.77,247.21,296.65
Totally Tubular Festival,2025-07-13,Pop,Atlantic City,United States Of America,Hard Rock Live at Etess Arena,2749,https://www.ticketmaster.com/totally-tubular-festival-atlantic-city-new-jersey-07-13-2025/event/02006237AC643B57,91.67,Camping Zones,City Airport,High-Energy Rave,Top pick this season,Early Bird,EUR,73.34,91.67,110.0
TOTALLY TUBULAR FESTIVAL,2025-07-16,Pop,Boston,United States Of America,MGM Music Hall at Fenway,2605,https://www.ticketmaster.com/totally-tubular-festival-boston-massachusetts-07-16-2025/event/01006235A394246B,63.66,Camping Zones,International Airport,Festive & Energetic,Featured in GrooveNomad,Standard,EUR,50.93,63.66,76.39
Totally Tubular Festival,2025-07-18,Pop,Rama,Canada,Casino Rama Resort,18017,https://www.ticketmaster.ca/totally-tubular-festival-rama-ontario-07-18-2025/event/10006236782F0B46,181.29,Partner Resorts,Regional Airport,Festive & Energetic,Highly recommended by the community,VIP,EUR,145.03,181.29,217.55
Totally Tubular Festival,2025-07-19,Pop,Cincinnati,United States Of America,Riverbend Music Center,38512,https://www.ticketmaster.com/totally-tubular-festival-cincinnati-ohio-07-19-2025/event/1600622E90920EA1,122.25,3★ Hotels,International Airport,Underground & Intimate,Exclusive festival,Early Bird,EUR,97.8,122.25,146.7
Totally Tubular Festival,2025-07-20,Pop,Rochester Hills,United States Of America,Meadow Brook Amphitheatre,22131,https://www.ticketmaster.com/totally-tubular-festival-rochester-hills-michigan-07-20-2025/event/080062378F0E1543,286.36,Partner Resorts,Nearby Airstrip,Festive & Energetic,Top pick this season,Backstage,EUR,229.09,286.36,343.63
Totally Tubular Festival,2025-07-22,Pop,Huber Heights,United States Of America,The Rose Music Center at The Heights,9488,https://www.ticketmaster.com/totally-tubular-festival-huber-heights-ohio-07-22-2025/event/16006235B7BA17B0,186.47,Eco-Lodges,Regional Airport,Underground & Intimate,Imported from Ticketmaster API,Premium Access,EUR,149.18,186.47,223.76
TOTALLY TUBULAR FESTIVAL,2025-07-24,Pop,Indianapolis,United States Of America,Everwise Amphitheater at White River State Park,23185,https://www.ticketmaster.com/totally-tubular-festival-indianapolis-indiana-07-24-2025/event/05006236A683266F,244.65,Camping Zones,International Airport,Underground & Intimate,Highly recommended by the community,Backstage,EUR,195.72,244.65,293.58
Psychic Salamander Festival,2025-09-13,Rock,Carnation,United States Of America,Remlinger Farms,45052,https://www.ticketmaster.com/psychic-salamander-festival-carnation-washington-09-13-2025/event/0F006297C4DD2997,73.99,Camping Zones,Nearby Airstrip,High-Energy Rave,Imported from Ticketmaster API,VIP,EUR,59.19,73.99,88.79
Psychic Salamander Festival,2025-09-14,Rock,Carnation,United States Of America,Remlinger Farms,21929,https://www.ticketmaster.com/psychic-salamander-festival-carnation-washington-09-14-2025/event/0F006297C4E029A6,299.29,3★ Hotels,International Airport,Chill & Boho,Imported from Ticketmaster API,Early Bird,EUR,239.43,299.29,359.15
Night Currents Festival,2025-10-04,Rock,Portsmouth,Great Britain,Wedgewood Rooms,43236,https://www.ticketweb.uk/event/night-currents-festival-the-wedgewood-rooms-tickets/13954043?REFERRAL_ID=tmfeed,204.27,3★ Hotels,Regional Airport,High-Energy Rave,Exclusive festival,Premium Access,EUR,163.42,204.27,245.12
The Emo Festival,2025-12-06,Rock,London,Great Britain,O2 Academy Islington,22832,https://www.ticketmaster.co.uk/the-emo-festival-london-06-12-2025/event/3E00625BF0281E37,79.67,Hostels Nearby,City Airport,High-Energy Rave,Top pick this season,Backstage,EUR,63.74,79.67,95.6
Veld Music Festival,2025-08-01,Undefined,Toronto,Canada,Downsview Park Toronto,33663,https://on.fgtix.com/trk/B4W4b,293.07,Eco-Lodges,Regional Airport,Festive & Energetic,Top pick this season,Backstage,EUR,234.46,293.07,351.68
Levitate Music Festival,2025-07-12,Undefined,Marshfield,United States Of America,Marshfield Fairgrounds,37743,https://on.fgtix.com/trk/RBTK,173.25,Eco-Lodges,International Airport,Festive & Energetic,Featured in GrooveNomad,Standard,EUR,138.6,173.25,207.9
ARC Music Festival,2025-08-29,Undefined,Chicago,United States Of America,Union Park,21843,https://on.fgtix.com/trk/jADP,211.82,Hostels Nearby,City Airport,High-Energy Rave,Exclusive festival,Standard,EUR,169.46,211.82,254.18
Telluride Jazz Festival,2025-08-08,Jazz,Telluride,United States Of America,Telluride Town Park,15153,https://on.fgtix.com/trk/yNhL,296.4,Eco-Lodges,City Airport,Cultural & Local,Imported from Ticketmaster API,Early Bird,EUR,237.12,296.4,355.68
Iron Blossom Festival,2025-09-20,Undefined,Richmond,United States Of America,Midtown Green,36389,https://on.fgtix.com/trk/gGX5,191.8,Camping Zones,City Airport,Cultural & Local,Featured in GrooveNomad,Premium Access,EUR,153.44,191.8,230.16
Inoi Music Festival,2025-08-15,Hip-Hop/Rap,Toronto,Canada,REBEL,5476,https://www.ticketweb.ca/event/inoi-music-festival-rebel-tickets/13811144?REFERRAL_ID=tmfeed,263.32,3★ Hotels,Nearby Airstrip,Underground & Intimate,Highly recommended by the community,Premium Access,EUR,210.66,263.32,315.98
Winnipeg Folk Festival,2025-07-10,Folk,Winnipeg,Canada,Winnipeg Folk Festival - Birds Hill Park,29321,https://on.fgtix.com/trk/G4W4b,264.23,Hostels Nearby,International Airport,Underground & Intimate,Highly recommended by the community,Backstage,EUR,211.38,264.23,317.08
Lost Minds Festival,2025-07-12,Dance/Electronic,Newcastle,Great Britain,Exhibition Park,39199,https://www.ticketmaster.co.uk/lost-minds-festival-newcastle-12-07-2025/event/1F00618297730D34,242.3,Camping Zones,International Airport,Chill & Boho,Top pick this season,Backstage,EUR,193.84,242.3,290.76
Coushatta Crossroads Festival,2025-07-19,World,Kinder,United States Of America,Coushatta Casino Resort,26492,https://www.ticketmaster.com/coushatta-crossroads-festival-kinder-louisiana-07-19-2025/event/1B0062A6D7A881BD,81.54,3★ Hotels,Regional Airport,Underground & Intimate,Exclusive festival,Premium Access,EUR,65.23,81.54,97.85
Summertime Blues Festival,2025-08-14,Blues,Salisbury,United States Of America,Blue Ocean Music Hall,45476,https://www.ticketmaster.com/summertime-blues-festival-salisbury-massachusetts-08-14-2025/event/010062D30D949074,247.6,Camping Zones,Regional Airport,Chill & Boho,Featured in GrooveNomad,Standard,EUR,198.08,247.6,297.12
30+ Club Festival,2025-08-24,Undefined,Belfast,Great Britain,Custom House Square Belfast,45636,https://www.ticketmaster.ie/30-club-festival-belfast-24-08-2025/event/3800627894F814D7,98.79,3★ Hotels,Nearby Airstrip,Cultural & Local,Top pick this season,Backstage,EUR,79.03,98.79,118.55
Overtime Festival 2025,2025-08-30,Alternative,London,Great Britain,Colours Hoxton,32614,https://www.ticketweb.uk/event/overtime-festival-2025-colours-hoxton-tickets/14485373?REFERRAL_ID=tmfeed,239.5,Camping Zones,City Airport,Underground & Intimate,Featured in GrooveNomad,Standard,EUR,191.6,239.5,287.4
Phoebus Jazz Festival,2025-09-26,Jazz,Hampton,United States Of America,American Theatre,42258,https://www.ticketmaster.com/phoebus-jazz-festival-hampton-virginia-09-26-2025/event/010062C7E42B7D2A,246.29,Eco-Lodges,Regional Airport,Underground & Intimate,Featured in GrooveNomad,Early Bird,EUR,197.03,246.29,295.55
Phoebus Jazz Festival,2025-09-27,Jazz,Hampton,United States Of America,American Theatre,47988,https://www.ticketmaster.com/phoebus-jazz-festival-hampton-virginia-09-27-2025/event/010062C7E4957D83,140.17,Hostels Nearby,Regional Airport,Cultural & Local,Featured in GrooveNomad,VIP,EUR,112.14,140.17,168.2
Priory Live Festival,2025-08-16,Pop,Kent,Great Britain,Priory Gardens,44492,https://www.universe.com/events/priory-live-festival-tickets-36XR9Q?ref=ticketmaster,76.46,Hostels Nearby,Regional Airport,Underground & Intimate,Imported from Ticketmaster API,Backstage,EUR,61.17,76.46,91.75
Owtside Festival 2025,2025-07-19,R&B,Washington,United States Of America,Gateway Pavilion DC,7872,https://www.universe.com/events/owtside-festival-2025-tickets-SL9TP5?ref=ticketmaster,98.89,3★ Hotels,Regional Airport,Cultural & Local,Imported from Ticketmaster API,Backstage,EUR,79.11,98.89,118.67
SNT Festival 2025,2025-09-05,Dance/Electronic,Mücheln,Germany,Strandbad Stöbnitz,34499,https://www.universe.com/events/snt-festival-2025-tickets-TJZX2B?ref=ticketmaster,162.17,3★ Hotels,Nearby Airstrip,Cultural & Local,Featured in GrooveNomad,Premium Access,EUR,129.74,162.17,194.6
RnB Nation Festival,2025-08-08,R&B,London,Great Britain,Morden Park,16252,https://www.universe.com/events/rnb-nation-festival-tickets-B0T37D?ref=ticketmaster,76.31,3★ Hotels,Regional Airport,High-Energy Rave,Featured in GrooveNomad,Standard,EUR,61.05,76.31,91.57
Euroblast Festival 2025,2025-09-26,Undefined,Cologne,Germany,Unknown,44739,https://www.universe.com/events/euroblast-festival-2025-tickets-SQB18V?ref=ticketmaster,86.56,Hostels Nearby,Nearby Airstrip,Festive & Energetic,Highly recommended by the community,Early Bird,EUR,69.25,86.56,103.87
Wanderer Festival 2025,2025-10-04,Rock,Pambula Beach,Australia,Pambula Beach,14050,https://www.moshtix.com.au/v2/event/wanderer-festival-2025/180861,91.69,3★ Hotels,City Airport,Cultural & Local,Exclusive festival,Backstage,EUR,73.35,91.69,110.03
Eindeloos India Festival,2025-11-01,Pop,Rotterdam,Netherlands,de Doelen,44066,https://www.ticketmaster.nl/event/eindeloos-india-festival-tickets/504446002?language=en-us,190.21,Eco-Lodges,Nearby Airstrip,Cultural & Local,Imported from Ticketmaster API,Backstage,EUR,152.17,190.21,228.25
Rose Blood Festival,2025-08-30,Alternative,San Francisco,United States Of America,Neck of the Woods,23716,https://www.ticketweb.com/event/rose-blood-festival-neck-of-the-woods-tickets/13799664,249.75,3★ Hotels,International Airport,Underground & Intimate,Highly recommended by the community,Early Bird,EUR,199.8,249.75,299.7
Alive Festival 2025,2025-07-26,Rock,Thisted,Denmark,Unknown,18069,https://www.ticketmaster.dk/event/alive-festival-2025-tickets/552573?language=en-us,89.45,Partner Resorts,Regional Airport,High-Energy Rave,Highly recommended by the community,Premium Access,EUR,71.56,89.45,107.34
Rawa Blues Festival,2025-10-11,Blues,Katowice,Poland,Spodek,21044,https://www.ticketmaster.pl/event/rawa-blues-festival-tickets/215104970?language=en-us,272.67,Hostels Nearby,Regional Airport,Chill & Boho,Exclusive festival,Premium Access,EUR,218.14,272.67,327.2
Hiidenkirnu Festival: Saturday,2025-07-12,Music,Nummela,Finland,Unknown,18297,https://www.ticketmaster.fi/event/hiidenkirnu-festival-saturday-tickets/200781731?language=en-us,267.46,Hostels Nearby,International Airport,High-Energy Rave,Featured in GrooveNomad,Backstage,EUR,213.97,267.46,320.95
Newport Folk Festival,2025-07-25,Other,Newport,United States Of America,Fort Adams State Park,18260,https://www.ticketmaster.com/event/Z7r9jZ1A7Cpbd,76.24,Camping Zones,City Airport,Festive & Energetic,Top pick this season,Backstage,EUR,60.99,76.24,91.49
RockyGrass Festival: Friday,2025-07-25,Other,Lyons,United States Of America,Planet Bluegrass,48497,https://www.ticketmaster.com/event/Z7r9jZ1A7os7F,299.27,Camping Zones,Regional Airport,Underground & Intimate,Exclusive festival,Early Bird,EUR,239.42,299.27,359.12
RockyGrass Festival: Saturday,2025-07-26,Other,Lyons,United States Of America,Planet Bluegrass,17630,https://www.ticketmaster.com/event/Z7r9jZ1A7os7a,248.71,3★ Hotels,Regional Airport,Festive & Energetic,Exclusive festival,VIP,EUR,198.97,248.71,298.45
RockyGrass Festival: Sunday,2025-07-27,Other,Lyons,United States Of America,Planet Bluegrass,5086,https://www.ticketmaster.com/event/Z7r9jZ1A7os78,244.29,Partner Resorts,Nearby Airstrip,Festive & Energetic,Highly recommended by the community,Standard,EUR,195.43,244.29,293.15
Veld Music Festival,2025-08-01,Other,North York,Canada,Downsview Park,37353,https://www.ticketmaster.com/event/Z7r9jZ1A7CKA6,280.54,Partner Resorts,International Airport,Cultural & Local,Top pick this season,Premium Access,EUR,224.43,280.54,336.65
The Groove Festival,2025-08-03,R&B,İstanbul,Turkey,Swissotel The Bosphorus,40756,https://www.biletix.com/performance/4X801/001/TURKIYE/tr,252.72,Eco-Lodges,City Airport,High-Energy Rave,Imported from Ticketmaster API,Standard,EUR,202.18,252.72,303.26
Bass Canyon Festival,2025-08-15,Other,George,United States Of America,Gorge Amphitheatre,22356,https://www.ticketmaster.com/event/Z7r9jZ1A7os7g,290.4,Partner Resorts,Nearby Airstrip,Festive & Energetic,Featured in GrooveNomad,Premium Access,EUR,232.32,290.4,348.48
Circuit Festival 2025,2025-08-17,Undefined,Unknown,Unknown,Unknown,29430,https://www.ticketmaster.es/event/circuit-festival-2025-tickets/2044017769?language=en-us,202.79,Eco-Lodges,International Airport,Festive & Energetic,Highly recommended by the community,Standard,EUR,162.23,202.79,243.35
Nordinary Festival 2025,2025-08-31,Dance/Electronic,İstanbul,Turkey,Swissotel The Bosphorus,26485,https://www.biletix.com/performance/4GDL1/001/TURKIYE/tr,299.47,Eco-Lodges,City Airport,Festive & Energetic,Imported from Ticketmaster API,Standard,EUR,239.58,299.47,359.36
Portola Music Festival,2025-09-20,Other,San Francisco,United States Of America,Pier 80 - San Francisco,10057,https://www.ticketmaster.com/event/Z7r9jZ1A7p9u7,237.35,Eco-Lodges,Nearby Airstrip,Festive & Energetic,Highly recommended by the community,Backstage,EUR,189.88,237.35,284.82
Portola Music Festival,2025-09-21,Other,San Francisco,United States Of America,Pier 80 - San Francisco,45311,https://www.ticketmaster.com/event/Z7r9jZ1A7pbjS,67.21,3★ Hotels,International Airport,Chill & Boho,Featured in GrooveNomad,Backstage,EUR,53.77,67.21,80.65
Oceans Calling Festival,2025-09-26,Other,Ocean City,United States Of America,Ocean City Inlet,25164,https://www.ticketmaster.com/event/169276_FriFriday,65.44,3★ Hotels,Nearby Airstrip,Underground & Intimate,Top pick this season,Standard,EUR,52.35,65.44,78.53
Oceans Calling Festival,2025-09-27,Other,Ocean City,United States Of America,Ocean City Inlet,45021,https://www.ticketmaster.com/event/169276_SatSaturd,161.19,Camping Zones,Nearby Airstrip,Festive & Energetic,Exclusive festival,VIP,EUR,128.95,161.19,193.43
Oceans Calling Festival,2025-09-28,Other,Ocean City,United States Of America,Ocean City Inlet,5889,https://www.ticketmaster.com/event/169276_SunSunday,244.1,Partner Resorts,International Airport,Underground & Intimate,Imported from Ticketmaster API,VIP,EUR,195.28,244.1,292.92
Handpicked Festival 2025,2025-11-08,Hip-Hop/Rap,Langhorne Creek,Australia,"Lake Breeze, Langhorne Creek",25105,https://www.moshtix.com.au/v2/event/handpicked-festival-2025/178665,96.56,Eco-Lodges,City Airport,Festive & Energetic,Imported from Ticketmaster API,Standard,EUR,77.25,96.56,115.87
Watershed Music Festival,2025-08-01,Fairs & Festivals,George,United States Of America,Gorge Amphitheatre,28616,https://www.ticketmaster.com/event/Z7r9jZ1A7oYoa,139.12,Camping Zones,Nearby Airstrip,Chill & Boho,Imported from Ticketmaster API,Standard,EUR,111.3,139.12,166.94
Watershed Music Festival,2025-08-02,Fairs & Festivals,George,United States Of America,Gorge Amphitheatre,11313,https://www.ticketmaster.com/event/Z7r9jZ1A7oYo8,143.6,3★ Hotels,City Airport,Underground & Intimate,Highly recommended by the community,Early Bird,EUR,114.88,143.6,172.32
Watershed Music Festival,2025-08-03,Fairs & Festivals,George,United States Of America,Gorge Amphitheatre,46983,https://www.ticketmaster.com/event/Z7r9jZ1A7oYoo,200.95,Partner Resorts,International Airport,Underground & Intimate,Highly recommended by the community,Early Bird,EUR,160.76,200.95,241.14
Dusk Music Festival,2025-11-15,Other,Tucson,United States Of America,Jacome Plaza,26534,https://www.ticketmaster.com/event/Z7r9jZ1A7bJJF,76.73,Hostels Nearby,Regional Airport,Underground & Intimate,Featured in GrooveNomad,Backstage,EUR,61.38,76.73,92.08
Dusk Music Festival,2025-11-16,Other,Tucson,United States Of America,Jacome Plaza,27462,https://www.ticketmaster.com/event/Z7r9jZ1A7bJJ6,69.42,Camping Zones,Nearby Airstrip,Cultural & Local,Imported from Ticketmaster API,Backstage,EUR,55.54,69.42,83.3
Harvest Festival 2025,2025-09-12,Music,Burk's Falls,Canada,Midlothian Castle,42640,https://www.ticketweb.ca/event/harvest-festival-2025-midlothian-castle-tickets/13933733,169.51,3★ Hotels,City Airport,Chill & Boho,Top pick this season,Premium Access,EUR,135.61,169.51,203.41
Ohana Music Festival,2025-09-26,Fairs & Festivals,Dana Point,United States Of America,Doheny State Beach,10209,https://www.ticketmaster.com/event/170263_FriFriday,222.17,Partner Resorts,City Airport,Festive & Energetic,Exclusive festival,Early Bird,EUR,177.74,222.17,266.6
Ohana Music Festival,2025-09-27,Fairs & Festivals,Dana Point,United States Of America,Doheny State Beach,25662,https://www.ticketmaster.com/event/170263_SatSaturd,130.87,Hostels Nearby,City Airport,Chill & Boho,Featured in GrooveNomad,Backstage,EUR,104.7,130.87,157.04
Ohana Music Festival,2025-09-28,Fairs & Festivals,Dana Point,United States Of America,Doheny State Beach,23847,https://www.ticketmaster.com/event/170263_SunSunday,267.41,Hostels Nearby,International Airport,Underground & Intimate,Featured in GrooveNomad,Early Bird,EUR,213.93,267.41,320.89
Vida Festival 2026,2026-07-04,Undefined,Vilanova i la Geltrú,Spain,Masia d'En Cabanyes,35136,https://www.ticketmaster.es/event/vida-festival-2026-tickets/1104066323?language=en-us,136.4,Camping Zones,City Airport,Cultural & Local,Exclusive festival,Early Bird,EUR,109.12,136.4,163.68
FESTIVAL CLUB - PÓLCA 4 - PATRICK O KEEFFE FESTIVAL 2025,2025-10-26,Folk,Kerry,Ireland,River Island Hotel,13386,https://www.universe.com/events/festival-club-polca-4-patrick-o-keeffe-festival-2025-tickets-2JZL9T?ref=ticketmaster,290.52,Hostels Nearby,International Airport,Cultural & Local,Exclusive festival,Backstage,EUR,232.42,290.52,348.62
Celestial Festival @ 191 Toole,2025-07-12,Rock,Tucson,United States Of America,191 Toole,2538,https://www.ticketmaster.com/celestial-festival-191-toole-tucson-arizona-07-12-2025/event/1900629EE0823A18,119.12,3★ Hotels,City Airport,Underground & Intimate,Featured in GrooveNomad,Standard,EUR,95.3,119.12,142.94
Flackstock - South Facing Festival,2025-08-08,Rock,London,Great Britain,Crystal Palace Bowl,10271,https://www.ticketmaster.co.uk/flackstock-south-facing-festival-london-08-08-2025/event/35006182A2D55EC5,223.57,Partner Resorts,International Airport,Underground & Intimate,Top pick this season,Backstage,EUR,178.86,223.57,268.28
Edmonton Folk Music Festival,2025-08-07,Undefined,Edmonton,Canada,Gallagher Park,49075,https://on.fgtix.com/trk/6WW4b,108.6,Camping Zones,Nearby Airstrip,Underground & Intimate,Featured in GrooveNomad,Early Bird,EUR,86.88,108.6,130.32
Minnesota Yacht Club Festival,2025-07-18,Undefined,Saint Paul,United States Of America,Harriet Island Regional Park,37989,https://on.fgtix.com/trk/hduAb,256.89,Partner Resorts,City Airport,Underground & Intimate,Featured in GrooveNomad,Premium Access,EUR,205.51,256.89,308.27
Chasing Summer Music Festival,2025-08-02,Undefined,Calgary,Canada,Max Bell Centre,44339,https://on.fgtix.com/trk/LWW4b,232.21,Partner Resorts,International Airport,Underground & Intimate,Imported from Ticketmaster API,Backstage,EUR,185.77,232.21,278.65
HARD Summer Music Festival,2025-08-02,Dance/Electronic,Inglewood,United States Of America,Hollywood Park Grounds,23966,https://on.fgtix.com/trk/5oHm,94.84,Partner Resorts,Nearby Airstrip,Cultural & Local,Featured in GrooveNomad,Backstage,EUR,75.87,94.84,113.81
Back 2 Festival - Sunday,2025-08-10,Undefined,Leicestershire,Great Britain,Cattows Farm,22663,https://www.ticketmaster.co.uk/back-2-festival-sunday-leicestershire-10-08-2025/event/35006245AB785A00,67.79,Hostels Nearby,Nearby Airstrip,High-Energy Rave,Highly recommended by the community,VIP,EUR,54.23,67.79,81.35
Back 2 Festival - Saturday,2025-08-09,Undefined,Leicestershire,Great Britain,Cattows Farm,5849,https://www.ticketmaster.co.uk/back-2-festival-saturday-leicestershire-09-08-2025/event/35006245A8565666,104.6,Camping Zones,Nearby Airstrip,High-Energy Rave,Highly recommended by the community,Standard,EUR,83.68,104.6,125.52
Sunfest Country Music Festival,2025-07-31,Undefined,Lake Cowichan,Canada,Laketown Ranch Music and Recreation Park,20261,https://on.fgtix.com/trk/I4W4b,242.82,Partner Resorts,Regional Airport,Chill & Boho,Exclusive festival,Standard,EUR,194.26,242.82,291.38
Gone Wild Festival Norfolk,2025-08-07,Undefined,Norfolk,Great Britain,Holkham Hall,40886,https://www.ticketmaster.co.uk/gone-wild-festival-norfolk-norfolk-07-08-2025/event/3700618CECB56346,244.71,Eco-Lodges,Nearby Airstrip,Underground & Intimate,Highly recommended by the community,Backstage,EUR,195.77,244.71,293.65
Day Trip Festival Seattle,2025-07-26,Undefined,Seattle,United States Of America,Gas Works Park,6608,https://on.fgtix.com/trk/7oRN,193.27,3★ Hotels,Regional Airport,Festive & Energetic,Imported from Ticketmaster API,VIP,EUR,154.62,193.27,231.92
Gone Wild Festival Devon,2025-08-21,Undefined,Exeter,Great Britain,Powderham Castle,9437,https://www.ticketmaster.co.uk/gone-wild-festival-devon-exeter-21-08-2025/event/1F00618CEF0C3E70,217.1,Eco-Lodges,International Airport,Underground & Intimate,Exclusive festival,Backstage,EUR,173.68,217.1,260.52
FarmJam Music & Camping Festival,2025-08-29,Undefined,Colville,United States Of America,FarmJam,16973,https://on.fgtix.com/trk/ocBP,174.38,Hostels Nearby,City Airport,Underground & Intimate,Top pick this season,Early Bird,EUR,139.5,174.38,209.26
Reading Festival 2025 - Friday,2025-08-22,Undefined,Reading,Great Britain,Richfield Avenue,21470,https://www.ticketmaster.co.uk/reading-festival-2025-friday-reading-22-08-2025/event/37006155F3543426,169.54,Hostels Nearby,Regional Airport,Underground & Intimate,Imported from Ticketmaster API,Standard,EUR,135.63,169.54,203.45
Reading Festival 2025 - Sunday,2025-08-24,Undefined,Reading,Great Britain,Richfield Avenue,40862,https://www.ticketmaster.co.uk/reading-festival-2025-sunday-reading-24-08-2025/event/37006155F35D3431,204.43,Hostels Nearby,City Airport,Chill & Boho,Top pick this season,Backstage,EUR,163.54,204.43,245.32
Four Chord Music Festival,2025-09-13,Undefined,Washington,United States Of America,EQT Park,6762,https://on.fgtix.com/trk/urw6b,139.71,Hostels Nearby,City Airport,Underground & Intimate,Imported from Ticketmaster API,VIP,EUR,111.77,139.71,167.65
Shaky Knees Music Festival,2025-09-19,Undefined,Atlanta,United States Of America,PIEDMONT PARK,19913,https://on.fgtix.com/trk/AuGK,187.41,3★ Hotels,International Airport,Cultural & Local,Highly recommended by the community,Backstage,EUR,149.93,187.41,224.89
Reading Festival 2025 - Saturday,2025-08-23,Undefined,Reading,Great Britain,Richfield Avenue,19345,https://www.ticketmaster.co.uk/reading-festival-2025-saturday-reading-23-08-2025/event/37006155F358342D,268.27,Partner Resorts,Regional Airport,Cultural & Local,Imported from Ticketmaster API,Early Bird,EUR,214.62,268.27,321.92
Telluride Blues & Brews Festival,2025-09-12,Undefined,Telluride,United States Of America,Telluride Town Park,30456,https://on.fgtix.com/trk/ef0J,175.94,3★ Hotels,International Airport,Underground & Intimate,Exclusive festival,Premium Access,EUR,140.75,175.94,211.13
Lost Minds Festival - Afterparty,2025-07-12,Dance/Electronic,Newcastle Upon Tyne,Great Britain,World Headquarters,29197,https://www.ticketmaster.co.uk/lost-minds-festival-afterparty-newcastle-upon-tyne-12-07-2025/event/1F00627C9E9E3232,148.35,Hostels Nearby,Regional Airport,Underground & Intimate,Highly recommended by the community,VIP,EUR,118.68,148.35,178.02
New Orleans Beatles Festival,2025-07-12,Undefined,Metairie,United States Of America,Jefferson Perf Arts Center,28564,https://www.ticketmaster.com/new-orleans-beatles-festival-metairie-louisiana-07-12-2025/event/1B0062819E964275,99.61,3★ Hotels,Nearby Airstrip,Cultural & Local,Exclusive festival,Early Bird,EUR,79.69,99.61,119.53
Country Boom Music Festival,2025-07-10,Undefined,West Salem,United States Of America,Country Boom,42563,https://on.fgtix.com/trk/aMZK,123.53,Partner Resorts,Nearby Airstrip,Underground & Intimate,Exclusive festival,Backstage,EUR,98.82,123.53,148.24
Reading Festival 2025 - Campervan,2025-08-20,Undefined,Reading,Great Britain,Richfield Avenue,16747,https://www.ticketmaster.co.uk/reading-festival-2025-campervan-reading-20-08-2025/event/37006115A6B2153E,113.82,Eco-Lodges,City Airport,Festive & Energetic,Top pick this season,Backstage,EUR,91.06,113.82,136.58
Reading Festival 2025 - Weekend,2025-08-21,Undefined,Reading,Great Britain,Richfield Avenue,43704,https://www.ticketmaster.co.uk/reading-festival-2025-weekend-reading-21-08-2025/event/37006115948C0E5F,276.86,Partner Resorts,Regional Airport,Festive & Energetic,Top pick this season,VIP,EUR,221.49,276.86,332.23
Leeds Festival 2025 - Weekend,2025-08-21,Undefined,Leeds,Great Britain,Bramham Park,24169,https://www.ticketmaster.co.uk/leeds-festival-2025-weekend-leeds-21-08-2025/event/3500610EC01D3797,94.25,Partner Resorts,Regional Airport,Underground & Intimate,Featured in GrooveNomad,VIP,EUR,75.4,94.25,113.1
AfroCity Music Festival ( 21+ ),2025-08-30,Undefined,Boston,United States Of America,Big Night Live,8485,https://www.ticketmaster.com/afrocity-music-festival-21-boston-massachusetts-08-30-2025/event/010062E98602136E,113.31,3★ Hotels,City Airport,Festive & Energetic,Imported from Ticketmaster API,Premium Access,EUR,90.65,113.31,135.97
Cosmic Void Festival 2025,2025-09-19,Metal,London,Great Britain,O2 Academy Islington,44823,https://www.ticketmaster.co.uk/cosmic-void-festival-2025-london-19-09-2025/event/3E0062E3C0AD14B3,190.42,Partner Resorts,Nearby Airstrip,Cultural & Local,Exclusive festival,Backstage,EUR,152.34,190.42,228.5
Cosmic Void Festival 2025,2025-09-20,Metal,London,Great Britain,O2 Academy Islington,3037,https://www.ticketmaster.co.uk/cosmic-void-festival-2025-london-20-09-2025/event/3E0062E79D540EDE,285.16,Camping Zones,City Airport,Chill & Boho,Highly recommended by the community,VIP,EUR,228.13,285.16,342.19
Cosmic Void Festival 2025,2025-09-21,Metal,London,Great Britain,O2 Academy Islington,29774,https://www.ticketmaster.co.uk/cosmic-void-festival-2025-london-21-09-2025/event/3E0062E7CD61144F,84.2,3★ Hotels,International Airport,Chill & Boho,Imported from Ticketmaster API,VIP,EUR,67.36,84.2,101.04
Norsk Høstfest Scandinavian Festival,2025-09-24,Undefined,Minot,United States Of America,North Dakota State Fair Center,33757,https://www.ticketmaster.com/norsk-hstfest-scandinavian-festival-minot-north-dakota-09-24-2025/event/06006296C83F596D,149.09,Eco-Lodges,Regional Airport,Underground & Intimate,Exclusive festival,Early Bird,EUR,119.27,149.09,178.91
Norsk Høstfest Scandinavian Festival,2025-09-25,Undefined,Minot,United States Of America,North Dakota State Fair Center,3650,https://www.ticketmaster.com/norsk-hstfest-scandinavian-festival-minot-north-dakota-09-25-2025/event/06006296C8CE59EA,288.96,Camping Zones,Nearby Airstrip,Festive & Energetic,Imported from Ticketmaster API,Early Bird,EUR,231.17,288.96,346.75
Norsk Høstfest Scandinavian Festival,2025-09-26,Undefined,Minot,United States Of America,North Dakota State Fair Center,13221,https://www.ticketmaster.com/norsk-hstfest-scandinavian-festival-minot-north-dakota-09-26-2025/event/06006296C93859FD,182.28,3★ Hotels,City Airport,Cultural & Local,Exclusive festival,Standard,EUR,145.82,182.28,218.74
Norsk Høstfest Scandinavian Festival,2025-09-27,Undefined,Minot,United States Of America,North Dakota State Fair Center,30896,https://www.ticketmaster.com/norsk-hstfest-scandinavian-festival-minot-north-dakota-09-27-2025/event/06006296C9A15A1C,221.54,Camping Zones,Regional Airport,Underground & Intimate,Featured in GrooveNomad,Standard,EUR,177.23,221.54,265.85
Rong Indoor Festival 2025,2025-10-04,Dance/Electronic,Manchester,Great Britain,O2 Victoria Warehouse Manchester,6729,https://www.ticketmaster.co.uk/rong-indoor-festival-2025-manchester-04-10-2025/event/3E00627AB655153F,246.8,Hostels Nearby,Regional Airport,High-Energy Rave,Top pick this season,Backstage,EUR,197.44,246.8,296.16
Holo Holo Music Festival,2025-11-08,Undefined,Tacoma,United States Of America,Tacoma Dome,43245,https://www.ticketmaster.com/holo-holo-music-festival-tacoma-washington-11-08-2025/event/0F00627CE83158B6,51.74,Hostels Nearby,Regional Airport,Festive & Energetic,Imported from Ticketmaster API,VIP,EUR,41.39,51.74,62.09
Holo Holo Music Festival,2025-11-09,Undefined,Tacoma,United States Of America,Tacoma Dome,16822,https://www.ticketmaster.com/holo-holo-music-festival-tacoma-washington-11-09-2025/event/0F00627CE83558B8,283.34,3★ Hotels,Regional Airport,Cultural & Local,Featured in GrooveNomad,Backstage,EUR,226.67,283.34,340.01
Chêne Film Festival 2025,2025-10-25,Country,Memphis,United States Of America,Radians Amphitheater,36325,https://www.ticketmaster.com/chene-film-festival-2025-memphis-tennessee-10-25-2025/event/1B00629DB50A309D,127.4,3★ Hotels,Nearby Airstrip,Underground & Intimate,Featured in GrooveNomad,VIP,EUR,101.92,127.4,152.88
Festival Mundial del Bolero,2025-08-22,Ballads/Romantic,Mexico,Mexico,Teatro de la Ciudad Esperanza Iris,37787,https://www.ticketmaster.com.mx/festival-mundial-del-bolero-mexico-22-08-2025/event/3D0062A58F14080B,208.13,Hostels Nearby,Regional Airport,High-Energy Rave,Imported from Ticketmaster API,VIP,EUR,166.5,208.13,249.76
Festival Mundial del Bolero,2025-08-23,Ballads/Romantic,Mexico,Mexico,Teatro de la Ciudad Esperanza Iris,39881,https://www.ticketmaster.com.mx/festival-mundial-del-bolero-mexico-23-08-2025/event/3D0062A593D509E5,283.98,Hostels Nearby,City Airport,High-Energy Rave,Featured in GrooveNomad,Standard,EUR,227.18,283.98,340.78
Festival Mundial del Bolero,2025-08-24,Ballads/Romantic,Mexico,Mexico,Teatro de la Ciudad Esperanza Iris,46052,https://www.ticketmaster.com.mx/festival-mundial-del-bolero-mexico-24-08-2025/event/3D0062A593D60A0D,261.48,Eco-Lodges,Nearby Airstrip,High-Energy Rave,Exclusive festival,Backstage,EUR,209.18,261.48,313.78
America's River Roots Festival,2025-10-08,Miscellaneous,Cincinnati,United States Of America,Smale Riverfront Park,7714,https://on.fgtix.com/trk/hheac,75.86,Camping Zones,City Airport,High-Energy Rave,Featured in GrooveNomad,Backstage,EUR,60.69,75.86,91.03
Okeechobee Music & Arts Festival,2026-03-19,Undefined,Okeechobee,United States Of America,Sunshine Grove,7372,https://on.fgtix.com/trk/bQrK,275.89,Hostels Nearby,International Airport,High-Energy Rave,Top pick this season,Backstage,EUR,220.71,275.89,331.07
Radar Festival 2026 - Weekend,2026-07-31,Undefined,Manchester,Great Britain,O2 Victoria Warehouse Manchester,18585,https://www.ticketmaster.co.uk/radar-festival-2026-weekend-manchester-31-07-2026/event/3E0062DEBF9E2011,74.17,Partner Resorts,City Airport,Chill & Boho,Exclusive festival,Premium Access,EUR,59.34,74.17,89.0
Excellency Music Festival 2025,2025-08-09,Rock,Bay City,United States Of America,Historic Masonic Temple,4730,https://www.universe.com/events/excellency-music-festival-2025-tickets-4TH365?ref=ticketmaster,156.05,Eco-Lodges,International Airport,Festive & Energetic,Exclusive festival,VIP,EUR,124.84,156.05,187.26
Feral Folk Festival 2025,2025-08-30,Alternative,Berlin,Germany,Unknown,9730,https://www.universe.com/events/feral-folk-festival-2025-tickets-YP9WLJ?ref=ticketmaster,268.54,Eco-Lodges,International Airport,Festive & Energetic,Highly recommended by the community,Backstage,EUR,214.83,268.54,322.25
Garage Nation Outdoor Festival,2025-08-10,Dance/Electronic,London,Great Britain,Morden Park,28549,https://www.universe.com/events/garage-nation-outdoor-festival-tickets-YQ461D?ref=ticketmaster,186.32,Hostels Nearby,Regional Airport,Cultural & Local,Exclusive festival,Backstage,EUR,149.06,186.32,223.58
Ino Rock Festival 2025,2025-08-23,Pop,Inowrocław,Poland,Teatr Letni,44145,https://www.ticketmaster.pl/event/ino-rock-festival-2025-tickets/776107357?language=en-us,297.9,Partner Resorts,City Airport,High-Energy Rave,Imported from Ticketmaster API,Standard,EUR,238.32,297.9,357.48
Beach Festival 2025 | Saturday,2025-07-19,Alternative,Nieuwpoort,Belgium,Nieuwpoort,15009,https://www.ticketmaster.be/event/beach-festival-2025-%7C-saturday-tickets/1707379164,217.66,Hostels Nearby,International Airport,Festive & Energetic,Imported from Ticketmaster API,Backstage,EUR,174.13,217.66,261.19
Beach Festival 2025 | Sunday,2025-07-20,Alternative,Nieuwpoort,Belgium,Nieuwpoort,18011,https://www.ticketmaster.be/event/beach-festival-2025-%7C-sunday-tickets/1666053800,225.91,Eco-Lodges,City Airport,Cultural & Local,Top pick this season,Early Bird,EUR,180.73,225.91,271.09
OUTERMOST ROOTS & BLUES FESTIVAL,2025-10-11,Rock,Orleans,United States Of America,Nauset Beach,29453,https://www.ticketweb.com/event/outermost-roots-blues-festival-nauset-beach-tickets/13846604,225.32,3★ Hotels,Regional Airport,Chill & Boho,Imported from Ticketmaster API,Premium Access,EUR,180.26,225.32,270.38
Breaking Darkness Music Festival,2025-08-02,Rock,Hickory,United States Of America,The Premier,20939,https://www.ticketweb.com/event/breaking-darkness-music-festival-the-premier-tickets/14258423,195.66,Hostels Nearby,International Airport,Chill & Boho,Featured in GrooveNomad,VIP,EUR,156.53,195.66,234.79
Festival Het Nieuwe Huishouden,2025-12-06,Rock,Amsterdam,Netherlands,Melkweg,37327,https://www.ticketmaster.nl/event/festival-het-nieuwe-huishouden-tickets/17529950?language=en-us,135.69,Camping Zones,Regional Airport,Underground & Intimate,Exclusive festival,Standard,EUR,108.55,135.69,162.83
SAMSØ FESTIVAL 2025 - ONSDAG,2025-07-16,Undefined,Samsø,Denmark,"Samsø Festival, Strandskoven",43649,https://www.ticketmaster.dk/event/sams-festival-2025-onsdag-tickets/552407?language=en-us,142.64,Partner Resorts,Regional Airport,Underground & Intimate,Imported from Ticketmaster API,VIP,EUR,114.11,142.64,171.17
SAMSØ FESTIVAL 2025 - TORSDAG,2025-07-17,Rock,Samsø,Denmark,"Samsø Festival, Strandskoven",44352,https://www.ticketmaster.dk/event/sams-festival-2025-torsdag-tickets/552399?language=en-us,283.48,Hostels Nearby,Regional Airport,High-Energy Rave,Exclusive festival,Standard,EUR,226.78,283.48,340.18
SAMSØ FESTIVAL 2025 - FREDAG,2025-07-18,Undefined,Samsø,Denmark,"Samsø Festival, Strandskoven",18930,https://www.ticketmaster.dk/event/sams-festival-2025-fredag-tickets/552395?language=en-us,214.32,Hostels Nearby,Regional Airport,Cultural & Local,Exclusive festival,Early Bird,EUR,171.46,214.32,257.18
SAMSØ FESTIVAL 2025 - LØRDAG,2025-07-19,Rock,Samsø,Denmark,"Samsø Festival, Strandskoven",39451,https://www.ticketmaster.dk/event/sams-festival-2025-lrdag-tickets/552393?language=en-us,281.75,Camping Zones,International Airport,High-Energy Rave,Top pick this season,Standard,EUR,225.4,281.75,338.1
FREDAG - Frederikssund Festival 2025,2025-08-01,Other,Frederikssund,Denmark,Humlehaven,10086,https://www.ticketmaster.dk/event/fredag-frederikssund-festival-2025-tickets/403659300?language=en-us,91.06,Hostels Nearby,International Airport,High-Energy Rave,Top pick this season,Standard,EUR,72.85,91.06,109.27
FREDAG - Frederikssund Festival 2025,2025-08-02,Undefined,Frederikssund,Denmark,Humlehaven,48634,https://www.ticketmaster.dk/event/fredag-frederikssund-festival-2025-tickets/735422903?language=en-us,161.45,Hostels Nearby,International Airport,Festive & Energetic,Top pick this season,Backstage,EUR,129.16,161.45,193.74
BitterSweet Festival - Thursday (14.08.2025),2025-08-14,Undefined,Poznan,Poland,Park Cytadela,31251,https://www.ticketmaster.pl/event/bittersweet-festival-thursday-14082025--tickets/738587551?language=en-us,194.15,3★ Hotels,Regional Airport,Festive & Energetic,Featured in GrooveNomad,VIP,EUR,155.32,194.15,232.98
BitterSweet Festival - Friday (15.08.2025),2025-08-15,Undefined,Poznan,Poland,Park Cytadela,12850,https://www.ticketmaster.pl/event/bittersweet-festival-friday-15082025--tickets/2039428010?language=en-us,184.71,Eco-Lodges,Nearby Airstrip,Chill & Boho,Exclusive festival,Premium Access,EUR,147.77,184.71,221.65
BitterSweet Festival - Saturday (16.08.2025),2025-08-16,Undefined,Poznan,Poland,Park Cytadela,41557,https://www.ticketmaster.pl/event/bittersweet-festival-saturday-16082025--tickets/1685377457?language=en-us,155.83,Eco-Lodges,Regional Airport,Festive & Energetic,Top pick this season,Premium Access,EUR,124.66,155.83,187.0
Power Festival 1.-2.8.2025,2025-08-02,Music,Järvenpää,Finland,Järvenpään Rantapuisto,34588,https://www.ticketmaster.fi/event/power-festival-1-282025-tickets/284665850?language=en-us,141.17,3★ Hotels,International Airport,Cultural & Local,Highly recommended by the community,Standard,EUR,112.94,141.17,169.4
Tension Festival 2025 | Thursday,2025-07-31,Dance/Electronic,Basel,Switzerland,Gartenbad St. Jakob,14226,https://www.ticketmaster.ch/event/tension-festival-2025-%7C-thursday-tickets/117482429?language=en-us,65.78,Eco-Lodges,International Airport,Festive & Energetic,Top pick this season,Standard,EUR,52.62,65.78,78.94
Tension Festival 2025 | Friday,2025-08-01,Dance/Electronic,Basel,Switzerland,Gartenbad St. Jakob,3498,https://www.ticketmaster.ch/event/tension-festival-2025-%7C-friday-tickets/48752274?language=en-us,286.07,Hostels Nearby,City Airport,Festive & Energetic,Exclusive festival,Premium Access,EUR,228.86,286.07,343.28
Tension Festival 2025 | Saturday,2025-08-02,Dance/Electronic,Basel,Switzerland,Gartenbad St. Jakob,46243,https://www.ticketmaster.ch/event/tension-festival-2025-%7C-saturday-tickets/944985142?language=en-us,221.63,Camping Zones,International Airport,Cultural & Local,Imported from Ticketmaster API,Backstage,EUR,177.3,221.63,265.96
Southern Discomfort Metal Festival,2025-10-10,Undefined,Kristiansand S,Norway,Caledonien Hall Kristiansand,34836,https://www.ticketmaster.no/event/southern-discomfort-metal-festival-tickets/313448735?language=en-us,94.48,Partner Resorts,Nearby Airstrip,High-Energy Rave,Highly recommended by the community,Premium Access,EUR,75.58,94.48,113.38
Rooftop Festival İstanbul 2025,2025-09-06,Dance/Electronic,İstanbul,Turkey,Çeşitli Teraslar,33754,https://www.biletix.com/performance/4CCO8/001/TURKIYE/tr,220.14,Camping Zones,Nearby Airstrip,High-Energy Rave,Exclusive festival,Backstage,EUR,176.11,220.14,264.17
Hiidenkirnu Festival: 2 DAYS,2025-07-12,Music,Nummela,Finland,Unknown,44235,https://www.ticketmaster.fi/event/hiidenkirnu-festival-2-days-tickets/344983?language=en-us,137.27,Hostels Nearby,International Airport,Festive & Energetic,Featured in GrooveNomad,Backstage,EUR,109.82,137.27,164.72
SAMSØ FESTIVAL 2025 - TENTHOUSE,2025-07-14,Undefined,Samsø,Denmark,"Samsø Festival, Strandskoven",7692,https://www.ticketmaster.dk/event/sams-festival-2025-tenthouse-tickets/552385?language=en-us,195.62,Hostels Nearby,City Airport,Cultural & Local,Exclusive festival,VIP,EUR,156.5,195.62,234.74
SAMSØ FESTIVAL 2025 - SAMTELT,2025-07-14,Undefined,Samsø,Denmark,"Samsø Festival, Strandskoven",37810,https://www.ticketmaster.dk/event/sams-festival-2025-samtelt-tickets/552389?language=en-us,70.45,Eco-Lodges,International Airport,Chill & Boho,Imported from Ticketmaster API,Backstage,EUR,56.36,70.45,84.54
SAMSØ FESTIVAL 2025 - TELTPLADS,2025-07-14,Undefined,Samsø,Denmark,"Samsø Festival, Strandskoven",16808,https://www.ticketmaster.dk/event/sams-festival-2025-teltplads-tickets/552381?language=en-us,264.24,Camping Zones,Regional Airport,Underground & Intimate,Highly recommended by the community,Standard,EUR,211.39,264.24,317.09
SAMSØ FESTIVAL 2025 - SOVEPAKKE,2025-07-14,Undefined,Samsø,Denmark,"Samsø Festival, Strandskoven",11369,https://www.ticketmaster.dk/event/sams-festival-2025-sovepakke-tickets/552375?language=en-us,59.49,Partner Resorts,Nearby Airstrip,High-Energy Rave,Top pick this season,Standard,EUR,47.59,59.49,71.39
SAMSØ FESTIVAL 2025 - PAVILLIONPLADS,2025-07-14,Undefined,Samsø,Denmark,"Samsø Festival, Strandskoven",32889,https://www.ticketmaster.dk/event/sams-festival-2025-pavillionplads-tickets/552379?language=en-us,73.7,Eco-Lodges,Regional Airport,Cultural & Local,Imported from Ticketmaster API,Early Bird,EUR,58.96,73.7,88.44
The Good Life Festival,2025-07-18,Other,Omaha,United States Of America,Slowdown,37282,https://www.ticketmaster.com/event/Z7r9jZ1A7p9_J,299.68,3★ Hotels,City Airport,Festive & Energetic,Exclusive festival,Premium Access,EUR,239.74,299.68,359.62
The Good Life Festival,2025-07-19,Other,Omaha,United States Of America,Slowdown,16580,https://www.ticketmaster.com/event/Z7r9jZ1A7p9_E,162.69,Camping Zones,City Airport,Cultural & Local,Top pick this season,Standard,EUR,130.15,162.69,195.23
Alive Festival 2025 - Torsdag,2025-07-24,Undefined,Thisted,Denmark,Unknown,14727,https://www.ticketmaster.dk/event/alive-festival-2025-torsdag-tickets/1349190087?language=en-us,88.94,Hostels Nearby,International Airport,Cultural & Local,Exclusive festival,Early Bird,EUR,71.15,88.94,106.73
Alive Festival 2025 - Fredag,2025-07-25,Undefined,Thisted,Denmark,Unknown,13642,https://www.ticketmaster.dk/event/alive-festival-2025-fredag-tickets/632891777?language=en-us,260.2,Eco-Lodges,City Airport,Festive & Energetic,Exclusive festival,Standard,EUR,208.16,260.2,312.24
Alive Festival 2025 - Lørdag,2025-07-26,Undefined,Thisted,Denmark,Unknown,31810,https://www.ticketmaster.dk/event/alive-festival-2025-lordag-tickets/1798193342?language=en-us,167.25,Hostels Nearby,Regional Airport,Cultural & Local,Top pick this season,Early Bird,EUR,133.8,167.25,200.7
Alive Festival 2024 - Campingbillet,2025-07-27,Undefined,Thisted,Denmark,Unknown,33422,https://www.ticketmaster.dk/event/alive-festival-2024-campingbillet-tickets/552609?language=en-us,299.4,Hostels Nearby,City Airport,Chill & Boho,Highly recommended by the community,VIP,EUR,239.52,299.4,359.28
Fresh Coast Jazz Festival,2025-08-22,Other,Milwaukee,United States Of America,Pabst Theater,2187,https://www.ticketmaster.com/event/Z7r9jZ1A78vjV,217.33,3★ Hotels,International Airport,High-Energy Rave,Highly recommended by the community,Standard,EUR,173.86,217.33,260.8
Fresh Coast Jazz Festival,2025-08-23,Other,Milwaukee,United States Of America,Pabst Theater,21168,https://www.ticketmaster.com/event/Z7r9jZ1A78vjS,210.74,Hostels Nearby,Regional Airport,Festive & Energetic,Top pick this season,Standard,EUR,168.59,210.74,252.89
Shadow Ridge Music Festival,2025-09-05,Other,Omaha,United States Of America,Shadow Ridge Country Club,39015,https://www.ticketmaster.com/event/Z7r9jZ1A74y8-,133.54,Camping Zones,Nearby Airstrip,Underground & Intimate,Top pick this season,Early Bird,EUR,106.83,133.54,160.25
Bourbon & Beyond Festival - Thursday,2025-09-11,Other,Louisville,United States Of America,Kentucky Exposition Center,19518,https://www.ticketmaster.com/event/Z7r9jZ1A7fo-8,61.27,3★ Hotels,City Airport,Chill & Boho,Featured in GrooveNomad,Premium Access,EUR,49.02,61.27,73.52
Bourbon & Beyond Festival - Friday,2025-09-12,Other,Louisville,United States Of America,Kentucky Exposition Center,28912,https://www.ticketmaster.com/event/Z7r9jZ1A7fo-o,142.14,Eco-Lodges,International Airport,High-Energy Rave,Highly recommended by the community,Premium Access,EUR,113.71,142.14,170.57
Bourbon & Beyond Festival - Saturday,2025-09-13,Other,Louisville,United States Of America,Kentucky Exposition Center,35666,https://www.ticketmaster.com/event/Z7r9jZ1A7fo-3,67.71,Camping Zones,Regional Airport,Cultural & Local,Top pick this season,Early Bird,EUR,54.17,67.71,81.25
Bourbon & Beyond Festival - Sunday,2025-09-14,Other,Louisville,United States Of America,Kentucky Exposition Center,15408,https://www.ticketmaster.com/event/Z7r9jZ1A7fo-K,100.73,Camping Zones,Regional Airport,Festive & Energetic,Exclusive festival,Standard,EUR,80.58,100.73,120.88
Tacos and Tequila Festival,2025-09-20,Other,Geneva,United States Of America,Northwestern Medicine Field,29337,https://www.ticketmaster.com/event/Z7r9jZ1A73Fu4,266.11,Camping Zones,Nearby Airstrip,High-Energy Rave,Exclusive festival,Backstage,EUR,212.89,266.11,319.33
Shaky Knees Music Festival,2025-09-20,Other,Atlanta,United States Of America,Piedmont Park,7373,https://www.ticketmaster.com/event/169505_SatSaturd,135.93,Hostels Nearby,City Airport,High-Energy Rave,Exclusive festival,Early Bird,EUR,108.74,135.93,163.12
Shaky Knees Music Festival,2025-09-21,Other,Atlanta,United States Of America,Piedmont Park,34524,https://www.ticketmaster.com/event/169505_SunSunday,174.43,Camping Zones,Regional Airport,Cultural & Local,Highly recommended by the community,Premium Access,EUR,139.54,174.43,209.32
SCOOTER at RAVE Festival,2025-10-25,Dance/Electronic,Praha 9,Czech Republic,O2 Arena,18456,https://www.ticketmaster.cz/event/scooter-at-rave-festival-tickets/1372377951?language=en-us,51.77,3★ Hotels,Nearby Airstrip,Chill & Boho,Featured in GrooveNomad,Early Bird,EUR,41.42,51.77,62.12
Wrocław Hip Hop Festival,2025-11-21,Hip-Hop/Rap,Wroclaw,Poland,Hala Stulecia,15042,https://www.ticketmaster.pl/event/wrocaw-hip-hop-festival-tickets/826341926?language=en-us,94.06,3★ Hotels,International Airport,Cultural & Local,Imported from Ticketmaster API,Early Bird,EUR,75.25,94.06,112.87
Surfskole x Alive Festival,2025-07-25,Family,Thisted,Denmark,Unknown,22131,https://www.ticketmaster.dk/event/surfskole-x-alive-festival-tickets/492242650?language=en-us,105.16,3★ Hotels,City Airport,Underground & Intimate,Highly recommended by the community,Backstage,EUR,84.13,105.16,126.19
Flow Festival 2025 - FRIDAY,2025-08-08,Undefined,Helsinki,Finland,SUVILAHTI,29262,https://www.ticketmaster.fi/event/flow-festival-2025-friday-tickets/1878337921?language=en-us,136.48,Hostels Nearby,International Airport,Chill & Boho,Featured in GrooveNomad,Premium Access,EUR,109.18,136.48,163.78
Flow Festival 2025 - SATURDAY,2025-08-09,Undefined,Helsinki,Finland,SUVILAHTI,31104,https://www.ticketmaster.fi/event/flow-festival-2025-saturday-tickets/313625873?language=en-us,233.7,Hostels Nearby,Nearby Airstrip,Underground & Intimate,Featured in GrooveNomad,Early Bird,EUR,186.96,233.7,280.44
Flow Festival 2025 - SUNDAY,2025-08-10,Fairs & Festivals,Helsinki,Finland,SUVILAHTI,40085,https://www.ticketmaster.fi/event/flow-festival-2025-sunday-tickets/863202242?language=en-us,103.4,3★ Hotels,Nearby Airstrip,Festive & Energetic,Highly recommended by the community,Premium Access,EUR,82.72,103.4,124.08
Karrusel 2025 Festival Pass,2025-08-28,Undefined,København K,Denmark,Unknown,14616,https://www.ticketmaster.dk/event/karrusel-2025-festival-pass-tickets/553467?language=en-us,159.51,Hostels Nearby,City Airport,High-Energy Rave,Featured in GrooveNomad,Early Bird,EUR,127.61,159.51,191.41
North Coast Music Festival,2025-08-29,Fairs & Festivals,Bridgeview,United States Of America,SeatGeek Stadium,35346,https://www.ticketmaster.com/event/Z7r9jZ1A7_d0N,259.07,Hostels Nearby,City Airport,Underground & Intimate,Exclusive festival,Backstage,EUR,207.26,259.07,310.88
North Coast Music Festival,2025-08-30,Fairs & Festivals,Bridgeview,United States Of America,SeatGeek Stadium,44652,https://www.ticketmaster.com/event/Z7r9jZ1A7_d00,154.77,Camping Zones,International Airport,Underground & Intimate,Exclusive festival,Early Bird,EUR,123.82,154.77,185.72
North Coast Music Festival,2025-08-31,Fairs & Festivals,Bridgeview,United States Of America,SeatGeek Stadium,44819,https://www.ticketmaster.com/event/Z7r9jZ1A7_d0P,82.31,Partner Resorts,Regional Airport,Chill & Boho,Top pick this season,VIP,EUR,65.85,82.31,98.77
Austin City Limits Festival,2025-10-03,Fairs & Festivals,Austin,United States Of America,Zilker Park,19263,https://www.ticketmaster.com/event/170388_FriFriday,102.82,Partner Resorts,Nearby Airstrip,Underground & Intimate,Exclusive festival,Premium Access,EUR,82.26,102.82,123.38
Austin City Limits Festival,2025-10-04,Fairs & Festivals,Austin,United States Of America,Zilker Park,8894,https://www.ticketmaster.com/event/170388_SatSaturd,242.65,Camping Zones,City Airport,Chill & Boho,Top pick this season,Premium Access,EUR,194.12,242.65,291.18
Austin City Limits Festival,2025-10-05,Fairs & Festivals,Austin,United States Of America,Zilker Park,22671,https://www.ticketmaster.com/event/170388_SunSunday,191.61,Hostels Nearby,Regional Airport,Festive & Energetic,Highly recommended by the community,Early Bird,EUR,153.29,191.61,229.93
Austin City Limits Festival,2025-10-10,Fairs & Festivals,Austin,United States Of America,Zilker Park,37858,https://www.ticketmaster.com/event/170389_FriFriday,258.2,Camping Zones,City Airport,Festive & Energetic,Highly recommended by the community,VIP,EUR,206.56,258.2,309.84
Austin City Limits Festival,2025-10-11,Fairs & Festivals,Austin,United States Of America,Zilker Park,8564,https://www.ticketmaster.com/event/170389_SatSaturd,125.75,Camping Zones,International Airport,Chill & Boho,Top pick this season,Backstage,EUR,100.6,125.75,150.9
Austin City Limits Festival,2025-10-12,Fairs & Festivals,Austin,United States Of America,Zilker Park,30669,https://www.ticketmaster.com/event/170389_SunSunday,218.66,Camping Zones,City Airport,Underground & Intimate,Featured in GrooveNomad,Premium Access,EUR,174.93,218.66,262.39
Distortion 2026 Festival Pass,2026-06-03,Undefined,København K,Denmark,Unknown,24778,https://www.ticketmaster.dk/event/distortion-2026-festival-pass-tickets/1234169027?language=en-us,145.06,Hostels Nearby,International Airport,Cultural & Local,Imported from Ticketmaster API,VIP,EUR,116.05,145.06,174.07
